"Type","Source","Material","P","S","Cl","K","Ca","Ti","V","Cr","Mn","Fe","Ni","Cu","Zn","As","Se","Rb","Sr","Y","Zr","Nb","Mo","Sn","Pb","Bi","U","Th"
"geological","NH","qtz",0,1568,0,38346,1783,3582,146,88,239,13752,0,0,54,5.4,0,116.1,153,70.2,532,71,0,0,13,0,0,14
"geological","NH","qtz",0,0,0,6399,2063,524,13.1,0,24,1134,15,0,0,0,0,10.8,41.9,8.3,87.2,3.3,0,0,5.2,0,0,0
"geological","NH","qtz",0,0,0,2529,230,73,0,15,9,66,0,0,0,0,0,5,2.6,1.8,21.6,0,0,0,0,0,0,0
"geological","NH","qtz",0,0,0,302,0,51,0,0,23,87,0,0,0,0,0,0,1.7,0,27.8,0,0,0,0,0,0,0
"geological","NH","qtz",0,0,0,4423,174,215,6.3,0,33,793,0,0,0,0,0,22.7,8.2,0,45.7,3.3,0,0,0,0,0,0
"geological","NH","qtz",0,0,0,4495,130,207,6.4,14,36,781,0,0,0,0,0,23,7.7,0,45.9,4.8,0,0,0,0,0,0
"geological","NH","qtz",8465,0,0,4526,147,214,6.7,11,31,784,12,0,0,0,0,22.7,6.5,0,45.7,5,0,0,0,0,0,0
"geological","NH","qtz",0,0,0,4606,162,225,8.7,8,30,800,0,0,0,0,0,20.4,7.1,0,44.4,5.8,0,0,0,0,0,0
"geological","NH","qtz",0,0,0,4325,142,204,7.6,12,31,831,0,0,0,0,0,21.8,8,0,46.7,4.9,0,0,0,0,0,0
"geological","NH","qtz",0,0,0,218,7282,188,0,0,35,1052,0,0,0,0,0,0,10.6,4.6,32.2,0,0,0,0,0,0,0
"geological","NH","qtz",0,0,0,0,5514,112,0,0,31,1731,0,0,0,0,0,0,8.7,4.7,36.6,0,0,0,0,0,0,0
"geological","NH","qtz",0,1254,0,3500,6689,55,6.1,0,27,161,14,0,0,0,0,2.5,64.4,44.1,12.2,0,0,0,16.2,0,0,0
"geological","NH","qtz",0,0,0,1724,102,157,14.1,8,0,162,17,0,0,0,0,5.8,13.9,5.6,47.6,0,0,0,0,0,4.8,0
"geological","NH","qtz",0,0,0,5478,661,449,9.5,12,0,120,0,0,0,0,0,11.7,6.2,2.9,60,2.7,0,0,5.4,0,0,0
"geological","NH","qtz",0,0,0,5589,706,452,9.3,0,0,119,0,0,0,0,0,12,5.5,2.6,60.6,2.1,0,0,0,0,0,0
"geological","NH","qtz",0,0,0,5518,675,416,12.7,0,0,140,0,0,0,0,0,10.4,5.6,3.5,60.1,3.6,0,0,0,0,0,0
"geological","NH","qtz",0,0,0,5610,645,433,9,8,0,128,0,10,0,0,0,12,5.3,2.6,61.1,2.8,0,0,0,0,0,0
"geological","NH","qtz",0,0,0,5579,645,428,9.8,0,0,138,0,0,0,0,0,12.3,5.2,2.9,60.8,2.6,0,0,0,0,0,0
"geological","NH","qtz",0,0,0,1493,0,90,6.1,0,0,135,0,0,0,0,0,3.8,1.5,0,45.5,0,0,0,0,0,0,0
"geological","NH","qtz",0,0,0,3104,0,513,0,20,0,239,0,0,0,0,0,12.9,16.4,0,52.7,2.9,0,0,6.6,0,0,0
"geological","NH","qtz",0,0,0,2227,496,149,6.1,0,0,201,0,0,0,0,0,10,10.2,4.5,36.7,0,0,0,0,0,0,0
"geological","NH","qtz",12886,0,0,1136,635,84,0,0,0,60,0,0,0,0,0,2.9,4.4,2.4,33.1,0,0,0,0,0,0,0
"geological","NH","qtz",0,0,0,3182,0,221,0,14,0,153,0,0,0,0,0,9.1,5.8,8.4,49.3,0,0,0,0,0,0,0
"geological","NH","qtz",0,0,0,3111,0,222,0,12,0,143,0,0,0,0,0,8.1,4.9,8.2,51.9,0,0,0,0,0,0,0
"geological","NH","qtz",0,0,0,2957,0,211,0,9,0,149,0,0,0,0,0,8,5.6,8.2,48.8,0,0,0,0,0,0,0
"geological","NH","qtz",0,0,0,2827,0,221,0,11,0,139,0,0,0,0,0,9.4,5.7,7.3,48.8,0,0,0,5.1,0,0,0
"geological","NH","qtz",0,0,0,2895,0,203,0,10,0,159,0,0,0,0,0,8.5,6.1,8.3,49,0,0,0,0,0,0,0
"geological","NH","qtz",6376,0,0,507,0,44,5.7,0,0,34,0,0,0,0,0,0,3.1,2.9,22.8,0,0,0,0,0,0,0
"geological","NH","qtz",0,0,0,5242,0,310,20.7,10,0,463,0,0,0,0,0,20,10.7,0,14.4,0,0,0,6.8,0,0,0
"geological","NH","qtz",7120,0,0,3549,1754,229,4,13,0,119,0,0,0,0,0,6.6,4.6,7.5,47.7,0,0,0,0,0,0,0
"geological","NH","qtz",0,0,0,637,0,97,3.6,0,0,136,0,0,0,0,0,0,3,0,52.3,0,0,0,0,0,0,0
"geological","NH","qtz",0,0,0,3225,5780,230,13.4,0,0,345,0,0,0,0,0,11.7,12.3,0,51.7,0,0,0,0,0,0,0
"geological","NH","qtz",0,0,0,3531,5611,258,15,0,0,381,0,0,0,0,0,12,13.8,0,52.7,0,0,0,0,0,0,0
"geological","NH","qtz",0,0,0,3352,5400,244,14.9,0,0,346,0,0,0,0,0,10.8,14,0,49.6,0,0,0,0,0,0,0
"geological","NH","qtz",0,0,0,3380,5311,233,16,13,0,351,14,0,0,0,0,11.2,11.9,0,48.1,0,0,0,0,0,0,0
"geological","NH","qtz",0,0,0,3408,5568,245,15.9,15,0,369,0,0,0,0,0,10.5,11.3,0,51.4,0,0,0,0,0,0,0
"geological","NH","qtz",0,0,0,2861,0,174,4.1,10,23,257,0,0,0,0,0,11.4,6.5,0,25.1,2.3,0,40,0,0,0,0
"geological","LD","fgv",0,0,0,31850,66878,16053,231,0,1489,66670,0,0,95,10,0,61,2188,25.6,537,140,0,0,14,0,0,79
"geological","LD","fgv",0,0,1275,32228,56174,15711,200,40,1487,70477,0,0,113,9,0,65,1370,31.1,567,146,0,34,8,0,0,63
"geological","LD","fgv",0,0,0,31039,39583,9687,159,0,1285,57280,0,0,92,7.8,0,61.7,1298,26.9,526,133,0,0,0,0,0,40
"geological","LD","fgv",0,0,0,34428,43987,10245,151,0,1312,58691,0,0,98,10,0,75,1581,26.8,542,133,0,0,15,0,0,56
"geological","LD","fgv",0,0,0,35868,44881,10145,161,29,1339,58643,0,0,93,9,0,73,1645,27.9,571,137,0,57,11,0,0,64
"geological","LD","fgv",0,0,0,35037,42906,9903,163,33,1271,58775,0,0,105,8,0,76,1629,26.7,561,137,7.5,0,15,0,0,61
"geological","LD","fgv",0,0,0,36250,44038,10242,150,0,1288,59487,0,0,98,9,0,77,1670,27.8,549,139,9.7,38,17,0,0,54
"geological","LD","fgv",0,0,0,35755,44078,10181,155,0,1294,58361,0,0,94,10.5,0,74,1615,26,537,136,7.6,34,8,0,0,63
"geological","LD","fgv",0,0,0,31839,43089,12364,187,0,1168,55355,0,0,87,9,0,71,1317,25.2,491,119,8,0,12,0,0,45
"geological","OL","qtz",0,0,0,0,0,651,9.8,0,0,1126,0,0,0,0,0,0,47.3,15.7,139,3.2,0,0,0,0,0,0
"geological","OL","qtz",0,0,0,863,111,469,13.1,11,0,1068,13,0,7.8,0,0,2.6,61,17,135,3.4,0,23,0,0,0,0
"geological","OL","qtz",0,0,0,0,297,388,5.7,24,0,381,0,0,0,0,0,0,22,13.5,45.4,0,0,0,0,0,0,0
"geological","OL","qtz",0,0,0,815,0,547,10.1,0,0,533,13,0,0,0,0,2.4,39.6,16.8,171,3.8,0,0,0,0,0,10
"geological","OL","qtz",0,0,0,803,0,544,11.1,0,0,552,12,0,0,0,0,0,39.5,17.6,175,3.4,0,0,4.6,0,0,0
"geological","OL","qtz",0,0,0,934,0,541,10.6,0,0,496,0,0,0,0,0,0,41.1,18.6,169,2.8,0,0,0,0,0,0
"geological","OL","qtz",0,0,0,844,0,557,13.6,0,0,557,13,0,0,0,0,0,39.1,17.8,167,3,0,0,0,0,0,13
"geological","OL","qtz",0,0,0,1068,0,557,9.6,0,0,528,0,0,0,0,0,0,42.9,19.6,174,2.5,0,0,0,0,0,10
"geological","OL","qtz",0,2632,0,847,135,831,14.7,11,11,1379,0,12,0,0,0,0,39.7,16.8,167,4.1,0,0,0,0,0,0
"geological","OL","qtz",0,0,0,186,0,58,0,0,0,171,0,0,0,0,0,0,90.4,4.4,57.2,0,0,0,0,0,0,0
"geological","OL","qtz",0,0,0,1803,550,631,14.2,0,0,1598,0,0,0,0,0,4.7,113,12.6,47.3,0,0,0,0,0,0,10
"geological","OL","qtz",0,0,0,715,281,551,6.6,0,0,1729,0,0,0,0,0,2.6,63.3,13.6,117,3.1,0,0,0,0,0,0
"geological","OL","qtz",0,0,0,721,0,248,6.4,0,0,262,0,0,0,0,0,0,26.2,7.3,65.3,0,0,0,0,0,0,0
"geological","OL","qtz",0,0,0,634,0,234,7,0,0,253,0,0,0,0,0,0,27.3,8.7,68.6,2.6,0,0,0,0,0,0
"geological","OL","qtz",0,0,0,710,0,236,7,0,0,269,0,0,0,0,0,0,26,7.4,69.1,2.5,0,0,0,0,0,0
"geological","OL","qtz",0,0,0,705,0,240,6.4,0,0,252,0,0,0,0,0,0,25.6,8,68.4,0,0,0,0,0,0,0
"geological","OL","qtz",0,0,0,642,0,248,6.8,0,0,261,0,0,0,0,0,2.6,26.5,8.4,69.1,0,0,0,0,0,0,0
"geological","OL","qtz",0,0,0,2112,0,579,32,18,37,3863,17,0,0,0,0,4.4,254,25.6,114,2.8,0,0,10,0,0,17
"geological","OL","qtz",0,0,0,255,314,841,12.5,14,0,2342,19,0,0,3.8,0,0,45.3,20.8,216,4.7,0,0,0,0,0,18
"geological","OL","qtz",0,0,0,185,0,796,6.5,20,0,1774,0,0,0,0,0,0,48.2,17.5,139,3.3,0,0,0,0,0,10
"geological","OL","qtz",0,0,0,241,0,701,0,13,60,2352,15,0,0,0,0,0,30.9,12.1,107,3.3,0,0,0,0,0,0
"geological","OL","qtz",0,0,0,472,0,372,18.3,12,0,1737,0,0,0,0,0,0,90,27.5,95,3.2,0,0,0,0,0,0
"geological","OL","qtz",0,0,0,513,0,388,18.5,0,0,1761,21,0,0,0,0,0,85.5,26,94,0,0,0,0,0,0,9
"geological","OL","qtz",0,0,0,435,0,374,16.4,0,0,1704,21,0,0,0,0,0,87.5,26.9,96,2.6,0,0,0,0,0,0
"geological","OL","qtz",0,0,0,569,0,378,16.6,0,0,1756,0,0,0,0,0,0,87.7,27.1,95,2.6,0,0,0,0,0,15
"geological","OL","qtz",0,0,0,455,0,352,17.6,19,0,1715,17,0,0,0,0,0,88.1,27.2,94,3.9,0,0,0,0,0,10
"geological","OL","qtz",0,0,0,173,0,521,10,9,0,1965,0,0,0,0,0,0,48.5,16.3,70,0,0,0,0,0,0,10
"geological","OL","qtz",0,0,0,1176,0,95,3.9,0,0,540,0,0,0,0,0,4.7,3.9,2.6,33.2,0,0,0,0,0,0,0
"geological","OL","qtz",0,0,0,1669,0,166,11.2,10,0,291,0,0,0,0,0,6,83.3,13.8,50.2,0,0,0,0,0,0,8
"geological","OL","qtz",0,0,0,243,300,741,9.4,12,0,384,0,0,0,0,0,0,36,17.8,179,5.7,0,0,0,0,0,11
"geological","OL","qtz",0,0,0,2273,0,134,0,0,0,631,0,0,6.3,0,0,5.3,9.1,0,21.8,0,0,0,0,0,0,0
"geological","OL","qtz",0,0,0,2059,0,126,0,0,0,620,0,0,0,0,0,3.7,8.1,0,22.5,0,0,0,0,0,0,0
"geological","OL","qtz",0,0,0,2237,0,129,0,0,0,639,0,0,0,0,0,4.2,7.6,1.6,23.4,0,0,0,0,0,0,0
"geological","OL","qtz",0,0,0,2160,0,127,5.3,0,0,631,0,0,0,0,0,3.7,7.5,0,26.6,0,0,0,0,17,0,0
"geological","OL","qtz",0,0,0,2102,0,125,0,0,0,670,0,0,0,0,0,3.2,8.6,0,23.5,0,0,0,0,0,0,0
"geological","OL","qtz",0,0,0,5096,469,555,15,20,13,1095,0,0,0,0,0,11.7,68.4,8.2,46.2,0,0,0,0,0,0,0
"geological","OL","qtz",0,0,0,546,0,189,10.8,0,0,1633,0,0,0,0,0,3.3,42.2,19.9,58.2,0,0,0,0,0,0,0
"geological","OL","qtz",0,0,0,1125,0,127,10.3,0,0,259,0,0,0,0,0,4.8,18.6,3.2,23.3,0,0,0,0,0,0,0
"geological","OL","qtz",0,0,0,4024,0,616,19.8,11,14,639,0,0,0,0,0,12.8,56.7,17.6,85.4,3.6,0,0,0,0,0,0
"geological","OL","qtz",0,0,0,2399,3199,475,16.9,18,21,500,12,0,0,0,0,8.1,126,16.4,85,0,0,0,0,0,0,0
"geological","OL","qtz",0,0,0,2282,3376,466,20,18,18,505,20,0,0,0,0,6.2,123,16,84.6,0,0,0,5.5,0,0,0
"geological","OL","qtz",0,0,0,2312,3309,474,16.5,19,13,529,0,0,6.2,0,0,6.3,127,17,83.6,3,0,0,0,0,0,13
"geological","OL","qtz",0,0,0,2349,3147,501,16.7,17,25,503,0,0,0,0,0,7.1,125,15.7,89.4,2.5,0,25,0,0,0,11
"geological","OL","qtz",0,0,0,2375,3279,490,13.7,18,16,499,16,0,0,0,0,8.1,125,16.3,84.6,0,0,0,6,0,0,11
"geological","OL","qtz",0,0,0,4201,200,391,22.6,17,0,336,0,0,0,0,0,9.2,40,16.5,43.6,2.3,0,0,5,0,0,9
"geological","OL","qtz",0,0,0,2224,411,394,16.5,12,0,139,0,0,0,0,0,5.2,118,16.3,61.8,0,0,0,0,0,0,8
"geological","OL","qtz",0,0,0,2328,515,433,16.8,0,19,1381,0,0,0,0,0,13.6,46.3,12.8,78.1,2.9,0,0,0,0,0,0
"geological","OL","qtz",0,0,0,661,0,429,16.4,10,25,124,13,0,0,0,0,2.2,70.8,13.3,88.6,2.7,0,0,0,0,0,12
"geological","OL","qtz",0,0,0,8968,213,467,24.9,12,0,524,0,0,0,0,0,16.1,78.7,10.5,43.3,0,0,0,0,0,0,0
"geological","OL","qtz",0,0,0,8776,220,469,26.6,11,0,530,0,0,0,0,0,14.4,77.2,9,45.5,0,0,0,4.9,0,0,0
"geological","OL","qtz",0,0,0,8946,219,497,23.1,17,0,526,0,0,0,0,0,16.7,75.8,10.8,42.6,0,0,0,0,0,0,0
"geological","OL","qtz",0,0,0,8657,253,459,24,19,0,527,0,0,0,0,0,16.5,74.8,9.4,40.8,0,0,0,0,0,0,0
"geological","OL","qtz",0,0,0,8609,273,440,22.2,14,0,515,0,0,0,3.4,0,15.7,73.7,10.5,43.9,0,0,0,0,0,0,0
"geological","OL","qtz",0,0,0,4782,0,706,12.4,12,44,1758,13,0,0,0,0,14,52.4,19.7,85.9,0,0,0,0,0,0,10
"geological","NS","qtz",0,0,0,611,0,76,0,23,0,73,15,0,0,0,0,0,1.9,3.1,20.2,0,0,0,0,21,0,0
"geological","NS","qtz",0,0,0,943,0,82,0,0,0,76,0,0,0,0,0,3.3,2.9,2.8,17.9,0,0,0,0,0,0,0
"geological","NS","qtz",0,0,0,451,0,78,0,21,0,95,0,0,0,0,0,0,2.7,2,34.5,0,0,0,0,0,0,0
"geological","NS","qtz",0,0,0,691,431,113,0,0,0,76,0,0,0,0,0,3.3,6.9,2.9,32.2,0,0,0,0,0,0,0
"geological","NS","qtz",0,0,0,711,428,113,4.1,0,0,70,0,0,0,0,0,2.4,6.4,2.8,34.3,0,0,0,0,0,0,0
"geological","NS","qtz",0,0,0,685,392,107,6.4,0,0,84,0,0,0,0,0,2.9,5.1,2.9,34.6,0,0,0,0,0,0,0
"geological","NS","qtz",0,0,0,661,451,121,4.7,0,0,76,12,0,0,0,0,3.7,6.8,3.5,30.6,0,0,0,0,0,0,0
"geological","NS","qtz",0,0,0,737,427,117,3.9,0,0,96,0,0,0,0,0,3.2,6.6,2.8,34,0,0,0,0,0,0,0
"geological","NS","qtz",0,0,0,718,189,80,0,0,0,123,0,0,0,0,0,3.2,3.1,2.3,28.9,0,0,0,0,0,0,0
"geological","NS","qtz",0,2122,0,602,1434,119,4.8,0,0,72,0,0,0,0,0,0,9.6,1.9,37.1,0,0,0,0,0,0,0
"geological","NS","qtz",0,0,0,452,0,49,0,0,0,78,0,0,0,0,0,0,0,1.7,18.5,0,0,0,0,18,0,0
"geological","NS","qtz",0,0,0,1961,20644,206,14.9,0,119,147,0,0,6.8,0,0,4,11.5,3.6,41.4,0,0,0,0,0,0,0
"geological","NS","qtz",9369,0,0,1180,979,129,7.2,0,0,72,0,0,0,0,0,0,7.9,1.8,35.7,0,0,0,0,0,0,0
"geological","NS","qtz",8401,0,0,1242,1021,118,6.1,0,0,56,0,0,0,0,0,0,7.5,2.6,37.5,0,0,0,0,0,0,0
"geological","NS","qtz",13500,0,0,1287,1051,104,4.5,0,0,65,0,0,0,0,0,0,7.6,2.4,37,0,0,0,0,0,0,0
"geological","NS","qtz",8899,0,0,1258,953,110,0,0,0,67,12,0,0,0,0,0,9.5,2.4,35.7,0,0,0,0,0,0,0
"geological","NS","qtz",0,0,0,1225,978,99,5.7,0,0,69,0,0,0,0,0,0,8.4,3.4,37.2,0,0,0,0,0,0,0
"geological","NS","qtz",0,0,0,1288,0,81,0,0,0,102,0,0,0,0,0,4,0,2.5,36.5,0,0,0,0,0,0,0
"geological","NS","qtz",0,0,0,508,0,60,0,22,0,34,0,0,0,0,0,0,1.8,0,18.1,0,0,0,0,0,0,0
"geological","NS","qtz",0,0,0,426,673,67,0,0,0,122,17,0,0,0,0,0,5.5,1.8,23.1,0,0,0,0,0,0,0
"geological","NS","qtz",0,0,0,1315,518,161,6.9,17,0,145,0,0,0,0,0,0,0,1.6,34.2,0,0,0,0,0,0,0
"geological","NS","qtz",0,0,0,932,118,211,5.7,0,0,112,0,0,0,0,0,2.8,4.5,2.4,37.4,0,0,0,0,0,0,0
"geological","NS","qtz",8201,0,0,894,0,206,4.3,0,0,96,16,0,0,0,0,2.1,4.5,2.2,37,0,0,0,0,0,0,0
"geological","NS","qtz",7416,0,0,1005,102,196,4.8,0,0,115,0,0,0,0,0,2.6,4,3.3,38.8,0,0,0,0,0,0,0
"geological","NS","qtz",9624,0,0,768,0,194,4.5,0,0,111,0,0,0,0,0,2.7,4.8,2.5,37.8,0,0,0,0,0,0,0
"geological","NS","qtz",0,0,0,1036,0,216,0,0,0,99,0,0,0,0,0,0,5.2,2.5,39.7,0,0,0,0,0,0,0
"geological","NS","qtz",0,0,0,650,0,47,3.8,0,0,206,0,0,0,0,0,0,0,2.1,14.5,0,0,0,0,0,0,0
"geological","NS","qtz",0,0,0,1081,0,93,0,0,0,158,0,0,0,0,0,2.7,2,1.6,16.8,0,0,0,0,0,0,0
"geological","NS","qtz",7004,0,0,425,394,15,5.2,0,0,44,0,0,0,0,0,0,0,0,21.2,0,0,0,0,0,0,0
"geological","NS","qtz",0,0,0,6802,3008,361,17.5,12,20,286,0,0,0,0,0,5.8,5.5,1.7,25.2,0,0,0,0,0,0,0
"geological","NS","qtz",0,0,0,226,0,91,0,0,0,88,0,0,0,0,0,0,0,2.9,19,0,0,0,0,0,0,0
"geological","NS","qtz",0,0,0,218,0,92,0,0,0,76,0,0,0,0,0,0,2.3,2.6,18,0,0,22,0,0,0,0
"geological","NS","qtz",0,0,0,245,0,84,0,0,0,69,0,0,0,0,0,0,1.8,2,17.5,0,0,0,0,0,0,0
"geological","NS","qtz",0,0,0,255,0,73,4.3,0,0,89,0,0,0,0,0,0,2.1,2.1,17.3,0,0,27,0,0,0,0
"geological","NS","qtz",6236,0,0,293,0,85,0,0,0,69,12,0,0,0,0,0,2.4,2.6,18.1,0,0,0,0,19,0,0
"geological","NS","qtz",7293,0,0,167,0,102,6.8,0,47,50,0,0,0,0,0,0,1.7,2.2,20.2,0,0,0,0,0,0,0
"geological","NS","qtz",0,0,0,2808,2917,146,8.1,0,0,176,0,0,0,0,0,3.8,6.9,3.1,40.4,0,0,0,0,0,0,0
"geological","NS","qtz",8536,0,0,496,801,37,4.2,0,41,41,0,0,0,0,0,0,0,0,23,0,0,0,0,0,0,0
"geological","NS","qtz",0,0,0,383,899,40,0,0,38,44,0,0,0,0,0,0,0,0,21.1,0,0,0,0,0,0,0
"geological","NS","qtz",8506,0,0,532,889,31,3.5,0,32,63,0,0,0,0,0,0,1.8,0,21.1,0,0,0,0,0,0,0
"geological","NS","qtz",8788,0,0,436,938,37,0,0,40,41,0,0,0,0,0,0,0,1.9,21.5,0,0,0,0,0,0,0
"geological","NS","qtz",7743,0,0,522,855,32,0,0,44,45,0,0,0,0,0,0,0,0,22.7,0,0,0,0,0,0,0
"geological","NS","qtz",0,0,0,1582,0,107,4.6,0,0,143,0,0,0,0,0,3.6,1.7,0,16.4,0,0,0,0,0,0,0
"geological","NS","qtz",0,0,0,794,0,49,4.2,0,0,143,0,0,0,0,0,0,0,0,17.4,0,0,0,0,0,0,0
"geological","NS","qtz",0,0,0,576,0,63,0,0,0,86,0,0,0,0,0,2.5,0,1.7,23.2,0,0,0,0,0,0,0
"geological","NS","qtz",0,0,0,567,8620,72,0,21,0,118,0,0,0,0,0,2.2,10.9,5.5,23,0,0,0,0,0,0,0
"geological","NS","qtz",0,0,0,741,0,169,6.5,0,20,82,0,0,0,0,0,3.5,0,2.8,26.2,0,0,0,0,0,0,0
"geological","NS","qtz",0,0,0,484,0,40,0,0,0,57,0,0,0,0,0,0,0,0,19.9,0,0,0,0,0,0,0
"geological","NS","qtz",0,0,0,191,137,26,0,0,0,42,0,0,0,0,0,0,6.1,1.7,16.3,0,0,0,0,0,0,0
"geological","NS","qtz",0,0,0,275,198,32,0,0,0,61,0,0,0,0,0,0,6.9,0,15.3,0,0,0,0,0,0,0
"geological","NS","qtz",0,0,0,308,242,23,0,0,0,54,0,0,0,0,0,0,4.8,0,13.7,0,0,0,0,0,0,0
"geological","NS","qtz",0,0,0,192,212,35,0,0,0,38,0,0,0,0,0,0,5.8,0,14.3,0,0,0,0,0,0,0
"geological","NS","qtz",0,0,0,240,217,28,0,0,0,29,0,0,0,0,0,0,6.6,1.5,16.5,0,0,0,0,0,0,0
"geological","NS","qtz",0,0,0,295,556,24,0,0,13,40,0,0,0,0,0,0,6.7,0,41.6,0,0,0,0,0,0,0
"geological","NS","qtz",0,0,0,562,9523,93,14.8,11,0,182,0,0,0,0,0,0,23.8,3.5,30.5,0,0,0,0,0,0,8
"geological","NS","qtz",0,0,0,3300,0,453,13.7,0,0,493,0,0,0,0,0,8.3,3.5,3.1,50.8,0,0,0,0,0,0,0
"geological","NS","qtz",8992,0,0,1253,98,162,6.2,0,23,116,0,0,0,0,0,0,2.3,0,23.6,0,0,0,0,0,0,0
"geological","NS","qtz",0,0,0,672,0,56,0,0,0,43,0,0,0,0,0,0,0,1.9,30.4,0,0,0,0,0,0,0
"geological","NS","qtz",6840,0,0,616,0,65,0,0,0,36,0,0,0,0,0,0,0,2.2,28.8,0,0,0,0,0,0,0
"geological","NS","qtz",0,0,0,678,0,58,0,0,0,45,0,0,0,0,0,2.1,1.5,1.9,30.4,0,0,0,0,0,0,0
"geological","NS","qtz",0,0,0,695,0,57,3.9,0,0,31,0,0,0,0,0,0,1.9,2.3,30.3,0,0,0,0,0,0,0
"geological","NS","qtz",0,0,0,711,0,59,0,0,0,48,0,0,0,0,0,2.1,0,2.1,29.6,0,0,0,0,0,0,0
"geological","NS","qtz",0,0,0,864,0,120,0,0,0,286,0,0,0,0,0,0,3.2,3,18.5,0,0,0,0,0,0,0
"geological","NH","qtz",0,0,0,39388,3549,1851,78,43,338,12902,22,9,54,4.3,0,110.8,86.2,54.2,739,83,0,0,6.1,0,10,17
"geological","NH","qtz",0,0,0,38076,6581,2644,107,39,2266,11660,0,0,73,0,0,110.4,111,31.5,505,50.7,0,0,8.1,0,12,0
"geological","NH","qtz",0,0,0,9541,1918,366,15.3,16,0,369,0,0,0,0,0,20.6,24.8,8.9,58.1,0,0,28,5,0,6.2,0
"geological","NH","qtz",0,0,0,2449,0,372,24.4,0,0,966,16,0,0,0,0,7.3,59.6,7.5,38.9,0,0,0,6.4,0,0,9
"geological","NH","qtz",0,0,0,2399,0,302,17.4,18,0,884,0,0,0,0,0,7.4,60.6,7.6,41.1,0,0,0,0,0,0,0
"geological","NH","qtz",0,0,0,2475,0,314,16.4,0,0,841,14,0,0,0,0,8,61.6,7.7,43.1,0,0,0,0,0,0,0
"geological","NH","qtz",0,0,0,2343,0,298,16.7,11,0,877,0,0,0,0,0,9,61.9,6.9,43.6,0,0,0,0,0,0,10
"geological","NH","qtz",0,0,0,2444,0,307,15.6,14,0,860,0,0,0,0,0,7.1,60.4,7.1,43.1,0,0,0,0,0,0,0
"geological","NH","qtz",0,0,0,1069,415,63,3.2,16,0,30,0,0,0,0,0,2.4,2.2,2.3,25.7,0,0,0,0,0,0,0
"geological","NH","qtz",0,0,0,5618,3309,1621,23,18,29,1498,13,0,0,0,0,12.1,29.5,11.4,138,4.8,0,0,6.9,0,0,0
"geological","NH","qtz",0,0,0,2456,0,179,5.6,0,0,147,0,0,0,0,0,8.9,16.8,7.4,30.1,0,0,0,0,0,0,0
"geological","NH","qtz",0,0,0,745,0,63,0,0,0,60,0,0,0,0,0,3.4,2.7,0,17.5,0,0,0,0,0,0,0
"geological","NH","qtz",0,3251,0,28891,3930,2792,185,57,440,10420,21,0,33,0,0,123.6,203,27.6,448,26.9,0,0,16,0,0,18
"geological","NH","qtz",0,3766,0,28646,3944,2770,186,53,427,10226,20,0,38,0,0,123.1,201,27.8,454,26.6,0,0,13.2,0,0,17
"geological","NH","qtz",0,2540,0,28469,3868,2810,185,51,434,10566,24,0,38,0,0,127.5,205,28.7,455,29.1,0,0,11.7,0,0,12
"geological","NH","qtz",0,3584,0,28483,4024,2819,197,52,430,10227,16,0,41,4.9,0,122.8,208,27.9,454,28.9,0,0,10.2,0,0,18
"geological","NH","qtz",0,2774,0,29351,3983,2768,197,56,431,10285,20,0,43,4.6,0,121.5,205,27.1,450,28.9,0,0,13.1,0,0,19
"geological","NH","qtz",0,0,0,1216,0,79,6.7,0,0,76,0,0,0,0,0,3.5,4,1.7,22,0,0,0,0,0,0,0
"geological","NS","qtz",8264,0,0,1415,3171,762,35,0,324,1139,0,0,0,0,0,3.5,11.8,3.1,32.4,0,0,0,0,0,0,0
"geological","NS","qtz",0,0,0,1439,781,314,16.1,0,178,1082,0,0,0,0,0,4.2,7.3,2.2,27.8,0,0,0,0,0,0,0
"geological","NS","qtz",0,0,0,1402,8388,355,20.9,10,269,1846,0,0,0,6.3,0,3.7,10.4,1.6,24.1,0,0,36,5.5,0,0,0
"geological","NS","qtz",0,0,0,1737,1574,192,11.1,0,273,1986,0,0,0,5,0,3.3,2.8,2.6,31.4,0,0,24,0,0,0,0
"geological","NS","qtz",0,0,0,1619,1596,210,10.1,0,247,1988,0,0,0,0,0,2.7,3.2,0,34,2.7,0,0,0,0,0,0
"geological","NS","qtz",0,0,0,1790,1663,202,9.3,0,269,1967,16,0,0,0,0,3.2,3.6,1.6,32.1,0,0,27,0,0,0,0
"geological","NS","qtz",0,0,0,1685,1579,214,11.4,9,266,1904,0,0,0,0,0,3.4,3.7,1.7,32.3,0,0,28,0,0,0,0
"geological","NS","qtz",0,0,0,1882,1554,203,11.1,0,259,1971,0,0,0,4,0,2.9,3.9,2.2,34.5,0,0,0,0,0,0,0
"geological","NS","qtz",0,0,0,1191,172,318,5.8,0,26,2199,0,0,0,0,0,3.2,19,1.7,33.7,0,0,0,0,0,0,0
"geological","NS","qtz",0,0,0,1281,1327,351,20.1,0,161,1369,0,0,0,0,0,3.5,2.2,0,16.4,0,0,0,0,0,0,0
"geological","NS","qtz",0,0,0,953,3691,272,22.6,20,107,1573,0,0,0,0,0,3.5,8.1,3.7,32.4,0,0,0,0,0,0,0
"geological","NS","qtz",0,0,0,565,0,323,15.1,0,29,1328,13,0,0,0,0,4.6,4.6,1.8,32.6,0,0,0,0,0,0,0
"geological","NS","qtz",0,0,0,16733,0,208,6.8,0,10,201,0,0,0,0,0,46.2,27.1,0,88.1,0,0,0,6.7,0,0,9
"geological","NS","qtz",0,0,0,16904,0,218,10.3,0,0,236,0,0,0,0,0,47.1,25.9,0,84.9,0,0,0,0,0,0,0
"geological","NS","qtz",0,0,0,16839,0,201,11.2,0,0,217,0,0,0,0,0,48.7,26.1,0,84.3,0,0,0,7,0,0,0
"geological","NS","qtz",0,0,0,16798,0,202,8.1,0,0,241,0,0,0,0,0,45.6,27,0,90.1,0,0,0,7.2,0,0,0
"geological","NS","qtz",0,0,0,17162,0,206,9.8,0,0,202,0,0,0,0,0,46.6,25.2,0,89,0,0,0,7.2,0,0,0
"geological","NS","qtz",0,0,0,1244,1799,298,7.5,0,193,2181,0,0,0,0,0,2.7,11.1,2,39.6,0,0,0,0,0,0,0
"geological","NS","qtz",0,0,0,11957,154,466,14,0,0,2648,0,0,0,0,0,42.2,16.7,3.4,32.4,3.4,0,0,0,0,0,0
"geological","NS","qtz",0,0,0,803,198,430,31.8,9,72,1515,0,0,0,5.1,0,2.2,9,3,42.4,0,0,24,0,0,4.8,0
"geological","NS","qtz",0,0,0,0,0,0,0,11,0,32,15,0,0,0,0,0,0,0,0,0,0,0,0,0,0,0
"geological","NS","qtz",0,0,0,4244,1855,98,0,13,0,1015,15,0,0,0,0,16.7,14.6,6.1,52.5,0,0,0,0,0,5.8,0
"geological","NS","qtz",0,0,0,4339,1756,114,0,19,0,1011,0,0,0,0,0,16.7,13.8,7.3,54.3,0,0,0,0,0,0,0
"geological","NS","qtz",0,0,0,4250,1926,103,0,13,0,1010,17,0,0,0,0,17,14.3,5,49.5,0,0,0,5.8,0,5.7,0
"geological","NS","qtz",0,0,0,4088,1861,116,0,12,0,1008,0,0,0,0,0,16.9,13.6,6.7,51,0,0,0,0,0,0,0
"geological","NS","qtz",0,0,0,4379,1736,97,0,18,0,1022,0,0,0,0,0,17.2,14.5,6.8,54.2,2.9,0,0,0,0,0,0
"geological","NS","qtz",7022,0,0,1504,361,282,16.3,13,124,2165,16,0,0,3.6,0,4.2,78.9,0,33.6,0,0,0,0,0,0,0
"geological","NS","qtz",10775,0,0,1805,995,411,21.8,0,174,3014,14,0,0,3.7,0,6.4,8.6,2.3,39.6,0,0,0,0,0,0,8
"geological","NS","qtz",0,0,0,722,808,214,12.8,0,163,1622,0,0,0,0,0,3,7.5,0,18.4,0,0,0,0,0,0,0
"geological","NS","qtz",0,0,0,10942,0,141,9,0,0,368,0,0,0,0,0,26.5,16.8,1.9,28.2,0,0,0,0,0,0,0
"geological","NS","qtz",0,0,0,1314,164,255,9,0,78,1394,0,0,0,0,0,3.5,3.2,2,30.7,0,0,0,0,0,0,0
"geological","NS","qtz",0,0,0,1257,225,235,12.5,0,79,1352,0,0,0,0,0,3.4,2.9,1.6,29,0,0,0,0,0,0,0
"geological","NS","qtz",0,0,0,1256,151,239,11.2,0,87,1370,13,0,0,0,0,3.7,3.5,2.2,32.6,0,0,0,0,0,0,0
"geological","NS","qtz",0,0,0,1213,184,230,11.9,0,75,1332,15,0,0,0,0,2.2,2.6,1.9,32.6,0,0,0,0,0,0,0
"geological","NS","qtz",0,0,0,1366,123,243,9.3,0,85,1311,13,0,0,0,0,3.3,2.4,2.2,29.9,0,0,0,0,0,0,0
"geological","NS","qtz",0,0,0,1260,2170,304,12.5,11,198,1297,0,0,0,0,0,4.1,15.4,2.1,24.3,0,0,0,0,0,0,0
"geological","NS","qtz",0,0,0,1196,7512,408,27.3,0,294,2165,15,0,0,0,0,2.1,6.8,2.1,30.7,0,0,0,0,0,0,8
"geological","NS","qtz",0,0,0,567,0,245,25.6,0,0,3447,0,0,0,3.9,0,0,5.4,4.1,27.1,0,0,0,0,0,0,0
"geological","NS","qtz",0,0,0,19919,0,335,18.5,0,0,239,0,0,0,0,0,57.6,25,0,32.7,0,0,0,8,18,0,0
"geological","NS","qtz",0,0,0,775,0,257,12.6,10,150,1467,0,0,0,5.9,0,3.3,3.8,2.6,24.6,0,0,0,0,0,0,0
"geological","NS","qtz",0,0,0,813,0,235,12.6,0,147,1458,0,0,0,0,0,2.5,3.4,0,25.4,0,0,0,0,0,0,0
"geological","NS","qtz",0,0,0,647,0,242,10.5,0,156,1484,20,0,0,0,0,3.9,2.9,0,24.8,0,0,0,0,0,0,0
"geological","NS","qtz",0,0,0,753,0,239,11.1,13,153,1468,0,0,0,0,0,3.5,3.7,0,24.9,0,0,0,0,0,0,0
"geological","NS","qtz",0,0,0,772,0,240,12.6,0,166,1417,0,0,0,0,0,0,4.5,0,25.1,0,0,0,0,0,0,0
"geological","NS","qtz",0,0,0,1321,5573,300,28.3,16,92,751,0,0,0,0,0,2.9,8.6,1.6,39.7,0,0,0,0,0,0,0
"geological","NS","qtz",0,0,0,0,0,0,0,0,0,39,0,0,0,0,0,0,0,0,0,2.2,0,0,0,0,0,0
"geological","NS","qtz",0,0,0,17565,647,168,14.4,0,0,253,0,0,0,0,0,36.5,32.6,0,41.5,0,0,0,7.5,0,0,0
"geological","NS","qtz",0,0,0,1089,695,265,14.9,11,0,1307,0,0,0,0,0,2.4,6.6,0,22.9,0,0,30,0,0,0,0
"geological","NS","qtz",0,0,0,19773,910,432,20.7,11,0,2198,0,0,0,0,0,47,30.5,4.1,39.8,0,0,0,0,0,0,10
"geological","NS","qtz",0,0,0,19577,871,447,25.7,0,0,2218,17,0,0,0,0,48.3,29.9,2.3,37.4,2.5,0,32,4.9,0,0,0
"geological","NS","qtz",0,0,0,19975,972,454,24.8,0,0,2164,0,0,0,0,0,48.1,30.4,2.4,37.9,2.7,0,36,7.7,0,0,9
"geological","NS","qtz",0,0,0,20197,891,445,29,0,0,2190,22,0,0,0,0,48.5,31.1,2.6,39.1,0,0,27,6.4,0,7.7,9
"geological","NS","qtz",0,0,0,19652,859,410,24,0,0,2251,0,0,0,0,0,49.1,30.6,3.6,39.7,2.5,0,35,4.9,0,0,8
"geological","NS","qtz",0,0,0,1412,0,200,6.6,0,0,2379,0,0,0,0,0,4.7,3.5,1.5,25.7,0,0,0,0,0,0,0
"geological","SS","qtz",0,0,0,7677,0,260,10.5,0,0,759,0,0,0,0,0,13.8,16.8,3.4,48.7,2.8,0,0,0,0,0,0
"geological","SS","qtz",0,0,0,5448,0,113,5.5,19,0,216,0,0,0,0,0,17,14.4,0,34.6,0,0,0,5,0,0,0
"geological","SS","qtz",0,0,0,6576,476,134,9.9,0,0,535,0,0,0,0,0,21,21.7,5.8,42.1,0,0,0,0,0,0,8
"geological","SS","qtz",0,0,0,4718,0,205,0,0,0,1816,0,0,0,0,0,17.8,5.9,3.6,46.4,0,0,0,0,0,0,0
"geological","SS","qtz",0,0,0,6311,0,200,7.9,16,19,268,13,0,0,0,0,16.8,19,0,49.2,0,0,0,0,0,0,0
"geological","SS","qtz",0,0,0,2576,0,87,0,0,0,141,13,0,0,0,0,11.5,12.1,0,35.6,0,0,32,0,0,0,0
"geological","SS","qtz",0,0,0,2305,0,127,0,0,0,527,0,0,0,0,0,5.8,3.4,0,27.6,0,0,0,4.9,0,0,0
"geological","SS","qtz",0,0,0,722,476,82,7.8,0,0,154,0,0,0,0,0,0,18,7.5,25.7,0,0,0,0,0,4.9,0
"geological","SS","qtz",0,0,0,590,460,87,4.2,0,0,143,0,0,0,0,0,0,17.5,6.5,25.9,0,0,0,0,0,0,0
"geological","SS","qtz",0,0,0,655,427,79,7.1,0,0,140,0,0,0,0,0,0,19,6.8,25.8,0,0,0,0,0,0,0
"geological","SS","qtz",0,0,0,622,437,88,5.9,0,0,162,12,0,0,0,0,0,19.3,6.1,25.8,0,0,0,4.7,0,0,0
"geological","SS","qtz",0,0,0,651,509,81,6.2,0,0,164,14,0,0,0,0,0,18,5.8,24.4,0,0,0,0,0,0,7
"geological","SS","qtz",0,0,0,1126,1137,100,7.3,0,17,195,12,0,0,0,0,2.8,10.1,0,35,0,0,0,0,0,0,0
"geological","SS","qtz",0,0,0,1216,0,81,0,0,0,188,0,0,0,0,0,2.6,2.2,0,33.8,0,0,0,0,0,0,0
"geological","SS","qtz",0,0,0,18045,14551,610,19,27,0,4321,0,0,0,0,0,61.2,43.4,7.3,79,0,0,0,0,0,0,22
"geological","SS","qtz",0,1121,0,15270,0,453,26.9,11,11,2629,15,0,7.7,0,0,62.5,77.1,4.4,40.2,0,0,0,6.8,0,0,8
"geological","SS","qtz",0,0,0,14511,0,365,14.2,0,19,3027,13,0,0,0,0,59.7,34.9,0,69.5,0,0,0,0,0,0,0
"geological","SS","qtz",0,0,0,14646,0,343,12.4,0,15,3042,0,0,0,0,0,60.5,33.3,3,69.9,2.5,0,0,5.5,0,6.6,0
"geological","SS","qtz",0,0,0,14580,0,338,13.3,0,14,2948,16,0,0,0,0,57.2,32.8,2.9,69.3,0,0,0,0,0,7.6,0
"geological","SS","qtz",0,0,0,14604,0,354,15.2,0,16,2976,15,0,0,0,0,59.4,31.1,3.2,68.5,0,0,0,0,0,6.5,0
"geological","SS","qtz",0,0,0,14470,0,354,15.5,0,15,3016,0,0,0,0,0,58.8,33.3,2,69.4,0,0,0,4.9,0,0,7
"geological","SS","qtz",0,0,0,18959,0,356,16,8,13,687,0,0,0,0,0,49.1,102,0,45.5,0,0,0,15.3,0,7,0
"geological","SS","qtz",0,0,0,3739,0,105,5.1,0,0,191,16,0,0,0,0,9.2,10.6,0,47.8,0,0,0,0,0,0,0
"geological","SS","qtz",0,0,0,3772,656,129,6.2,0,14,262,0,0,0,0,0,13.8,19.2,4.2,41.7,0,0,0,0,0,0,0
"geological","SS","qtz",0,2081,0,4442,10326,163,0,0,0,727,12,0,0,0,0,6.6,16.6,2.3,51.2,0,0,31,0,0,0,8
"geological","SS","qtz",0,0,0,732,0,118,5,0,0,118,0,0,0,0,0,2.6,5.5,1.8,28.4,0,0,0,0,0,0,0
"geological","SS","qtz",0,0,0,759,0,122,4.7,0,0,111,0,0,0,0,0,0,5.1,1.6,29.8,0,0,0,0,0,0,0
"geological","SS","qtz",0,0,0,733,0,116,0,0,0,123,0,0,0,0,0,0,4.8,1.8,26.4,0,0,0,0,0,0,0
"geological","SS","qtz",0,0,0,666,0,111,0,0,0,114,0,0,0,0,0,4.9,5.3,2.6,28,0,0,0,0,0,0,0
"geological","SS","qtz",0,0,0,716,0,119,4.3,0,0,131,0,0,0,0,0,2.1,5.5,2.1,26.4,0,0,0,0,0,0,0
"geological","SS","qtz",0,0,0,1387,404,84,0,0,0,339,0,0,0,0,0,3.5,8,2.4,28.4,0,0,0,0,0,0,0
"geological","SS","qtz",0,0,0,18491,0,456,22.3,0,0,1552,0,0,0,0,0,60.5,29.9,0,60.1,3.6,0,0,7.6,0,7,8
"geological","SS","qtz",0,0,0,658,3045,36,0,0,15,119,0,0,0,0,0,0,6.2,1.6,26.4,0,0,0,0,0,0,0
"geological","SS","qtz",8238,0,0,15249,0,296,14.6,0,0,1344,0,0,0,0,0,45.3,50.6,3,73,0,0,0,6.6,0,6.1,9
"geological","SS","qtz",0,0,0,10563,0,479,12.1,0,0,1351,14,0,0,0,0,36.4,28.4,1.9,48.3,0,0,0,4.8,0,0,0
"geological","SS","qtz",0,0,0,10702,0,488,12.7,0,0,1376,0,0,0,0,0,33.6,28.4,2,45.8,0,0,28,0,0,0,0
"geological","SS","qtz",0,0,0,11123,0,486,10.6,0,0,1375,0,0,0,0,0,35.4,28.6,2.3,47.5,2.9,0,0,0,0,0,0
"geological","SS","qtz",0,0,0,10677,0,466,11.6,0,0,1396,0,0,0,0,0,36.2,27.8,1.9,47.5,0,0,34,0,0,0,0
"geological","SS","qtz",0,0,0,10600,0,482,12.6,8,0,1396,16,0,0,0,0,34.7,27.9,0,48.8,2.3,0,0,0,0,0,0
"geological","SS","qtz",0,0,0,4106,0,116,5,0,0,222,0,0,0,0,0,14.2,13.5,2.6,31.3,0,0,0,0,0,0,0
"geological","SS","qtz",10177,0,0,3032,0,85,0,0,0,288,0,0,0,0,0,12.8,18.4,0,27.7,0,0,0,0,0,0,0
"geological","SS","qtz",0,0,0,4440,0,156,0,0,0,632,14,0,0,0,0,7,4.8,0,52.6,0,0,0,0,0,0,0
"geological","SS","qtz",0,0,0,22157,0,693,14.6,14,10,956,15,0,0,0,0,71.9,19.8,4.4,73.3,3.4,0,0,0,0,8,19
"geological","SS","qtz",0,0,0,14516,630,200,12.1,0,0,276,0,0,0,0,0,45.8,26.6,4.1,40.9,0,0,0,9.6,0,0,0
"geological","SS","qtz",0,0,0,14525,623,186,5.9,0,0,276,0,0,0,0,0,45.3,23.8,4.9,42.4,0,0,0,9.2,0,0,0
"geological","SS","qtz",0,0,0,14365,629,182,8.2,0,0,269,26,0,0,0,0,45.7,27.3,3.7,40.3,0,0,0,6.2,0,0,10
"geological","SS","qtz",0,0,0,14593,535,195,6,0,0,286,0,0,0,0,0,48.1,24,4.6,39.3,0,0,0,12,0,0,0
"geological","SS","qtz",0,0,0,14329,521,188,7.7,0,0,264,0,0,0,0,0,46.4,26.2,3,43.5,0,0,0,7.7,0,0,0
"geological","SS","qtz",0,0,0,3575,0,79,4.5,0,0,96,0,0,0,0,0,8.4,13.5,0,41,0,0,0,0,0,0,0
"geological","SS","qtz",0,0,0,27145,0,463,35,18,11,1831,18,0,0,0,0,80.2,78.7,0,49.6,0,0,0,9.1,0,0,9
"geological","SS","qtz",0,0,0,13489,0,269,12.2,19,0,327,0,0,0,0,0,47.9,27.7,2.5,60.6,2.8,0,24,10.1,0,0,0
"geological","SS","qtz",0,0,0,8066,0,229,0,0,0,2090,0,0,0,0,0,19.1,7.1,3.5,56.2,0,0,0,0,0,0,0
"geological","SS","qtz",0,0,0,1724,0,126,0,0,0,247,0,0,0,0,0,6,4.4,1.8,108,0,0,0,0,0,0,0
"geological","SS","qtz",0,0,0,1638,0,138,0,0,0,238,14,0,0,0,0,4.9,5.2,2.5,111,0,0,30,0,0,0,0
"geological","SS","qtz",0,0,0,1681,0,141,0,0,0,228,0,0,0,0,0,6.6,6.3,1.9,114,0,0,0,0,0,0,0
"geological","SS","qtz",0,0,0,1677,0,122,0,0,0,232,15,0,0,0,0,6.9,5.5,3.3,112,0,0,0,0,0,0,0
"geological","SS","qtz",0,0,0,1623,0,136,0,0,0,220,0,0,0,0,0,4.5,6,2.6,113,0,0,0,0,0,0,0
"geological","SS","qtz",0,0,0,10679,466,218,5.6,0,11,254,0,0,0,0,0,29.7,19,0,38.5,0,0,0,0,0,0,0
"geological","SS","qtz",0,0,0,3120,962,63,0,0,16,293,0,0,0,0,0,11.7,20.9,0,34.2,0,0,0,0,0,0,0
"geological","SS","qtz",0,0,0,2563,0,172,3.7,0,0,295,0,0,0,0,0,5,5.6,3.1,31.9,0,0,0,0,0,0,0
"geological","SS","qtz",0,0,0,7264,0,183,8.7,10,0,312,0,0,0,0,0,25.4,32.6,0,42.6,0,0,0,0,0,0,0
"geological","SS","qtz",28716,0,0,14546,20262,337,22.8,0,158,1522,16,0,18,0,0,62.2,91.7,2.4,45.3,0,0,0,7.3,0,0,0
"geological","SS","qtz",28244,0,0,14844,20597,351,22.6,0,157,1480,0,0,16,0,0,60.4,91.1,4.3,45.9,0,0,0,7.1,0,0,10
"geological","SS","qtz",38213,0,0,15013,20999,332,25.1,0,152,1468,0,0,14,0,0,62.4,89.8,2.5,44.5,2.5,0,0,9.3,0,0,0
"geological","SS","qtz",30481,0,0,14837,20685,328,21.3,0,150,1504,13,0,18,0,0,63.3,95.1,4.2,45.9,0,0,0,9.4,0,0,0
"geological","SS","qtz",31562,0,0,14948,20555,348,22.1,0,152,1479,0,0,16,0,0,62.9,91.3,2.8,45.4,2.9,0,0,11.4,0,0,0
"geological","NS","qtz",0,0,0,1592,0,102,0,0,0,157,0,0,0,0,0,6.1,2.5,1.9,17.5,0,0,0,0,0,0,0
"geological","NS","qtz",0,0,0,8343,0,1372,39,42,0,5347,0,11,0,0,0,6.2,5.6,6.6,25.6,0,0,0,0,0,0,0
"geological","NS","qtz",0,0,0,479,10503,39,0,0,0,127,0,0,0,0,0,0,33.5,3.2,35,0,0,0,0,0,0,0
"geological","NS","qtz",8163,0,0,443,0,116,7.7,0,0,76,0,0,0,0,0,0,0,3.9,56,0,0,0,0,0,0,0
"geological","NS","qtz",0,0,0,1065,91,188,8.5,0,18,129,14,0,0,0,0,2.4,2.9,3.1,43.5,0,0,24,0,0,0,0
"geological","NS","qtz",8057,0,0,1160,104,193,5.8,0,18,103,13,0,0,0,0,0,3.7,4.1,44.9,0,0,0,0,0,0,0
"geological","NS","qtz",7710,0,0,1090,0,185,6.1,10,15,135,0,0,0,0,0,3.1,4.1,4,43.3,0,0,0,0,0,4.9,0
"geological","NS","qtz",8998,0,0,1097,91,190,7.7,8,14,107,0,0,0,0,0,3.9,3.9,3.5,44.2,0,0,0,0,0,5.8,0
"geological","NS","qtz",7363,0,0,1043,0,190,6.8,0,13,115,0,0,0,0,0,3,3.1,4.2,44.2,0,0,0,0,0,0,0
"geological","NS","qtz",0,0,0,271,343,84,0,18,0,786,0,0,0,0,0,0,0,2.1,41.2,0,0,0,0,0,0,0
"geological","NS","qtz",0,0,0,1741,0,123,0,0,0,197,0,0,0,0,0,5.7,1.5,3.2,35.3,0,0,0,0,0,0,0
"geological","NS","qtz",9861,0,0,646,0,114,3.5,0,37,96,0,0,0,0,0,0,0,3.4,41.1,0,0,0,0,0,4.6,0
"geological","NS","qtz",0,0,0,616,0,109,0,17,0,130,14,0,0,0,0,0,5.1,4.1,30.5,0,0,0,0,0,0,0
"geological","NS","qtz",0,0,0,646,793,83,0,0,26,504,0,11,0,0,0,0,9.9,4.8,20.9,0,0,0,0,0,0,0
"geological","NS","qtz",0,0,0,688,738,87,0,0,17,486,0,0,0,0,0,2.8,9.9,5.3,21.3,0,0,0,0,0,0,0
"geological","NS","qtz",0,0,0,629,763,83,0,0,14,487,0,10,0,0,0,3.4,9.2,4.6,20.7,0,0,0,0,0,0,0
"geological","NS","qtz",0,0,0,701,681,60,0,0,16,458,0,10,0,0,0,2.8,9.3,4.2,22.6,0,0,0,0,0,0,0
"geological","NS","qtz",0,0,0,571,712,61,0,0,15,488,0,0,0,0,0,0,7.9,4.2,20.1,0,0,0,0,0,0,0
"geological","NS","qtz",0,0,0,287,1274,75,0,0,0,128,0,0,0,0,0,0,0,2.4,22.1,0,0,0,0,0,0,0
"geological","NS","qtz",0,0,0,554,0,110,4.8,0,0,114,0,0,0,0,0,0,0,5.7,30.9,0,0,0,0,0,5.4,0
"geological","NS","qtz",0,0,0,476,110,43,0,0,18,84,0,0,0,0,0,2.7,5.2,6.5,18.7,0,0,0,0,0,0,0
"geological","NS","qtz",9077,0,0,2217,6675,286,0,9,0,587,0,0,0,0,0,7.1,28.1,7.5,61.7,0,0,0,0,0,0,0
"geological","NS","qtz",0,0,0,2623,14271,493,16,0,64,2323,0,0,0,0,0,5.7,23.4,3.5,73.1,3.7,0,0,0,0,0,0
"geological","NS","qtz",0,0,0,2535,13993,479,15,0,66,2379,0,0,0,0,0,4.8,23.6,3,75.3,3.7,0,0,0,0,0,8
"geological","NS","qtz",0,0,0,2545,14059,497,19,0,69,2344,0,0,0,0,0,4.8,23.4,4.1,71.8,5,0,0,0,0,0,0
"geological","NS","qtz",0,0,0,2537,13854,512,12,0,66,2266,18,0,0,0,0,5.4,24.7,3.2,77.6,5.2,0,0,0,0,0,11
"geological","NS","qtz",0,0,0,2615,14371,529,13,0,66,2354,16,0,0,0,0,5,26,4.6,72.8,5.3,0,0,0,0,0,0
"geological","NS","qtz",13497,0,0,1192,6275,213,0,15,0,849,0,0,8.1,0,0,3.1,13.7,4.1,32.5,0,0,26,0,0,0,0
"geological","NS","qtz",0,0,0,1977,0,87,0,0,10,119,0,0,0,0,0,6.3,11.1,2.1,79.8,0,0,0,0,0,0,0
"geological","NS","qtz",0,0,0,2093,0,155,4.9,0,0,117,0,0,0,0,0,2.5,7.8,2.8,21.2,0,0,0,0,0,0,0
"geological","NS","qtz",10198,0,0,692,313,74,4.3,0,0,90,0,0,0,0,0,0,3.6,5.7,25.2,0,0,0,0,0,0,0
"geological","NS","qtz",11861,1622,0,1623,10981,342,8.3,0,10,627,15,0,0,0,0,6.1,63.5,4.2,52.4,0,0,0,0,0,0,10
"geological","NS","qtz",11422,1426,0,1682,11239,347,10.8,0,0,622,15,0,0,0,0,6.7,65.5,3.3,51.8,2.5,0,0,0,0,0,0
"geological","NS","qtz",12415,1823,0,1768,10576,323,7,0,0,619,0,0,0,0,0,5,62.3,4.2,50.6,3.1,0,0,0,0,0,0
"geological","NS","qtz",12874,0,0,1814,10868,357,6.2,0,0,616,0,0,0,0,0,5.8,59.4,3.9,49.8,2.5,0,0,0,0,0,0
"geological","NS","qtz",17529,0,0,1730,10823,337,9.1,0,0,617,0,0,0,0,0,7.2,62.7,4.1,50.8,0,0,0,0,0,0,8
"geological","NS","qtz",0,0,0,246,464,34,0,26,0,53,0,0,0,0,0,0,1.5,2.9,19.7,0,0,0,0,0,0,0
"geological","NS","qtz",0,0,0,1328,26858,146,4.9,0,15,482,0,0,0,0,0,2.6,52.3,2.1,27.9,0,0,0,0,0,0,0
"geological","NS","qtz",0,0,0,6347,3118,931,35,0,41,1211,14,0,0,0,0,6.9,15.2,7.4,53.1,2.8,0,0,0,0,0,0
"geological","NS","qtz",0,0,0,579,2164,131,0,0,0,181,0,0,0,0,0,0,16,1.4,22.7,0,0,0,0,0,0,0
"geological","NS","qtz",0,0,0,8314,10249,1342,20,0,0,563,0,0,0,0,0,10.3,25.4,7.1,177,4,0,0,4.6,0,0,0
"geological","NS","qtz",0,0,0,8266,10456,1355,21,0,0,556,0,0,0,0,0,10.3,24.8,7.9,177,2.9,0,0,0,0,0,0
"geological","NS","qtz",0,0,0,8250,10197,1288,18,0,0,530,0,0,0,0,0,11.1,26.6,7.1,173,2.7,0,0,0,0,0,0
"geological","NS","qtz",0,0,0,8368,10253,1334,18,0,0,568,16,0,0,0,0,10.7,24.8,8.8,172,3.1,0,0,0,0,0,0
"geological","NS","qtz",0,0,0,8328,10408,1341,22,0,0,560,19,0,0,0,0,11.4,26,7.9,174,2.9,0,0,0,0,0,0
"geological","NS","qtz",0,0,0,2193,0,218,14.8,16,0,325,0,0,0,0,0,5,5.5,2.7,54.7,0,0,0,0,0,0,0
"geological","NS","qtz",0,0,0,1251,0,157,15.2,0,0,258,23,0,0,0,0,6.5,4.4,134,55.1,0,0,0,0,0,0,0
"geological","NS","qtz",12041,0,0,1229,16416,524,9.2,0,33,885,15,19,0,0,0,2.7,35.7,5.8,67,2.7,0,0,0,0,0,0
"geological","NS","qtz",0,0,0,553,0,61,5,0,0,278,0,39,0,0,0,3.3,3,7.5,24.4,0,0,0,0,0,0,0
"geological","NS","qtz",0,0,0,908,0,149,4.9,0,0,143,12,0,0,0,0,0,2,5.4,41.2,0,0,0,0,0,0,0
"geological","NS","qtz",7866,0,0,814,0,140,0,0,0,129,0,0,0,0,0,0,2.2,4.7,41.4,0,0,0,0,0,0,0
"geological","NS","qtz",0,0,0,857,0,161,0,0,0,132,0,0,0,0,0,2.2,0,5.2,40,0,0,0,0,0,0,0
"geological","NS","qtz",0,0,0,738,0,155,4.2,0,0,129,0,0,0,0,0,0,1.6,3.6,43.9,0,0,0,0,0,0,0
"geological","NS","qtz",0,0,0,814,0,165,0,0,0,143,0,0,0,0,0,0,1.8,6.7,42.4,0,0,0,0,0,0,0
"geological","NS","qtz",0,0,0,3212,0,580,11.7,0,10,152,0,0,0,0,0,10,2.9,8,149,2.5,0,24,0,0,0,0
"geological","EN","fgv",0,2156,1227,47318,8038,3683,77,0,918,27442,0,13,103,0,0,127,781,11.4,855,306,0,0,29,0,0,52
"geological","EN","fgv",0,0,1540,50170,12455,3413,74,0,843,24771,0,0,84,0,0,117,1181,8.2,759,269,0,32,23,0,0,64
"geological","EN","fgv",0,0,1190,48878,8328,3470,76,0,905,26271,25,15,88,0,0,135,901,8.8,845,300,0,39,16,0,0,50
"geological","EN","fgv",0,0,2336,52895,12431,3927,89,0,975,28995,0,0,101,0,0,132,619,11.5,841,303,0,0,23,0,0,45
"geological","EN","fgv",0,0,2080,54681,12755,4041,91,0,1000,29283,20,0,104,0,0,137,624,13.4,842,304,0,0,26,0,0,45
"geological","EN","fgv",0,0,1778,53610,12949,3973,85,0,996,28716,21,11,96,0,0,132,611,12.5,816,293,0,0,22,0,0,45
"geological","EN","fgv",0,0,2299,53340,12883,3932,92,25,1003,29209,0,0,106,0,0,135,630,12.9,842,302,0,0,26,0,0,45
"geological","EN","fgv",0,0,2206,52048,12220,3839,82,0,985,29028,0,0,103,0,0,130,614,13.4,823,301,0,0,22,0,0,50
"geological","EN","fgv",0,0,1619,45782,8357,3422,96,0,878,24214,20,0,90,0,0,122,814,12.4,758,271,0,0,20,0,0,52
"geological","EN","fgv",0,0,0,38783,17756,3556,106,0,759,23558,26,0,88,0,0,127,753,22.2,690,280,0,0,0,0,0,47
"geological","EN","fgv",0,0,0,41877,12369,3859,132,0,935,25413,0,0,97,0,0,114,819,6.3,751,261,0,0,22,0,0,38
"geological","KG","gn",0,0,0,40747,17910,1309,62,0,746,54438,0,0,147,0,0,114,108,29.6,647,30.6,0,32,0,0,0,0
"geological","KG","gn",0,0,0,37668,6046,1462,232,193,510,26837,20,0,58,0,0,145,55.6,30.2,297,28.6,0,26,10,0,0,11
"geological","KG","gn",0,0,0,37145,6492,1495,221,203,503,26630,23,0,54,0,0,140,54.9,30.1,301,28.1,0,30,0,0,0,14
"geological","KG","gn",0,0,0,37611,6212,1515,228,188,503,26840,0,0,59,0,0,142,59,32.9,301,29.8,0,0,0,0,13,13
"geological","KG","gn",0,0,0,36598,6099,1472,225,187,498,27014,20,0,57,0,0,144,62.6,30.9,295,28.6,0,33,8,0,0,19
"geological","KG","gn",0,0,0,36495,6182,1490,226,185,498,27120,28,0,62,0,0,145,57.6,31.9,302,29.1,0,39,7.1,0,0,0
"geological","KG","gn",0,0,0,38474,2320,1545,38,0,437,37798,0,0,96,0,0,181,96,28.9,450,29.8,0,31,0,0,0,0
"geological","KG","gn",0,0,0,37865,5924,1519,44,0,428,27746,0,0,67,0,0,138,83,20.6,461,39.5,0,0,10,0,0,0
"geological","KG","gn",0,0,0,35547,4437,2178,62,0,402,20678,0,0,50,0,0,131,76,26.4,183,28.5,0,0,10,0,0,14
"geological","KG","gn",0,0,0,43046,4574,2439,70,0,378,26414,0,0,63,0,0,155,176,29.7,275,35.8,0,0,0,0,0,0
"geological","KG","gn",0,0,0,44193,1528,3851,118,0,160,27659,0,0,80,0,0,121,122,26.4,327,44.6,0,0,0,0,0,0
"geological","KG","gn",0,3128,0,44302,1681,3873,128,0,148,27507,35,12,78,6,0,119,121,25.9,317,42.2,0,0,0,0,0,18
"geological","KG","gn",0,0,0,43773,1496,3957,118,0,158,27648,0,0,74,7.1,0,124,116,30.4,321,40.9,0,0,8,0,10,0
"geological","KG","gn",0,2209,0,44359,1574,3885,109,0,157,27419,0,0,68,6,0,128,114,26.4,322,44.2,0,0,8,0,0,17
"geological","KG","gn",0,0,0,42854,1624,3804,112,0,150,27698,23,0,73,5.3,0,122,125,30.3,324,44.2,0,0,9,0,0,0
"geological","KG","gn",0,0,0,36818,5936,949,56,0,454,22053,21,0,69,0,0,157,56.4,41.9,1362,10.8,0,0,0,0,16,22
"geological","KG","gn",0,0,0,33013,10695,3492,145,86,612,38010,0,0,73,9,0,97.4,121,37.2,842,47.2,0,0,0,0,0,18
"geological","KG","gn",0,0,0,36133,13629,3002,103,45,681,46824,25,0,76,7.2,0,135,293,39,557,46.6,0,41,7,0,0,0
"geological","KG","gn",0,0,0,28604,2914,2090,64,0,566,35852,0,0,121,0,0,95.9,100,32,159,52.1,0,35,8,0,0,0
"geological","KG","gn",0,0,0,31247,601,601,19,0,293,18437,0,0,58,6.5,0,185,45.8,37.2,1849,7.6,0,0,0,0,15,33
"geological","KG","gn",0,0,0,29416,584,519,19,0,265,18332,0,0,54,0,0,183,46.8,40.2,1887,8.2,0,31,0,0,13,28
"geological","KG","gn",0,0,0,29573,615,556,14,0,284,18284,0,0,59,0,0,185,46,35.7,1883,7,0,30,0,0,16,39
"geological","KG","gn",0,0,0,30149,491,585,13,0,287,18444,0,0,57,6,0,184,45.5,38.2,1868,7.8,0,0,0,0,15,54
"geological","KG","gn",0,0,0,30304,667,558,19,0,284,18439,18,0,64,0,0,183,44.9,37.1,1924,9.9,0,29,0,0,16,40
"geological","KG","gn",0,2391,0,37657,10511,1460,31,0,616,40919,0,0,103,5.1,0,277,160,9.4,275,15.9,0,0,0,0,0,0
"geological","KG","gn",0,0,0,40786,5024,1965,103,75,571,39305,0,0,116,0,0,195,41.7,52.8,462,33.3,0,0,0,0,11,0
"geological","KG","gn",0,0,0,27164,19394,2602,70,0,555,30030,0,0,49,0,0,115,258,28.8,361,33.1,0,0,0,0,0,17
"geological","KG","gn",0,0,0,33027,28842,2262,112,87,607,25987,20,0,121,0,0,103.3,166,45.7,221,62.7,0,32,10,0,0,37
"geological","KG","gn",0,0,0,36505,4848,3242,146,56,1491,44986,0,0,104,5.5,0,96.5,358,45.6,741,46.2,0,0,11,0,0,22
"geological","KG","gn",0,2319,0,35756,4838,3268,147,46,1486,45267,0,0,105,0,0,95.1,360,50.7,738,44.5,0,44,13,0,0,15
"geological","KG","gn",0,2000,0,36302,5175,3224,148,38,1511,45421,0,0,108,6.5,0,97.2,354,49,733,42.2,0,0,8,0,0,22
"geological","KG","gn",0,2465,0,36207,4748,3161,145,38,1482,45170,0,0,106,0,0,97.2,359,45.5,736,44.3,0,42,11,0,0,27
"geological","KG","gn",0,0,0,36593,4673,3095,148,41,1486,44944,0,0,111,5.6,0,98,346,46.4,738,40.2,0,0,9,0,0,21
"geological","KG","gn",0,0,0,40762,6622,2122,70,31,579,35593,0,0,90,5,0,176,93,52.7,699,41.8,0,0,0,0,12,15
"geological","KG","gn",0,0,0,44188,3486,1227,56,0,178,15535,21,0,26,4.6,0,188,55.6,24.7,337,20.8,0,33,0,0,19,17
"geological","KG","gn",0,3521,0,37986,13586,3364,106,39,762,40276,24,0,72,0,0,124,291,32.6,488,44.1,0,0,9,0,0,20
"geological","KG","gn",0,2030,0,43584,4176,1133,79,62,402,40658,0,0,79,0,0,218,48.1,33.2,187,19.6,0,0,7,0,20,0
"geological","KG","gn",0,0,0,37690,22393,1262,119,88,629,28004,19,0,93,0,0,153,63.7,23.8,475,20.2,0,0,0,0,10,0
"geological","KG","gn",0,0,0,36716,21937,1249,118,91,630,28335,0,0,89,6.6,0,150,62.1,19.3,478,20.2,0,0,0,0,0,0
"geological","KG","gn",0,0,0,37207,22115,1287,118,100,624,28198,23,0,95,5.5,0,150,64.4,22.8,480,20.1,0,31,0,0,13,0
"geological","KG","gn",0,0,0,36862,22103,1257,119,92,642,27896,0,0,94,0,0,148,57,23.4,469,19.4,0,0,0,0,12,14
"geological","KG","gn",0,0,0,37283,22375,1355,115,101,652,28285,19,0,86,0,0,153,61.6,23.3,480,18.4,0,0,0,0,12,14
"geological","KG","gn",0,0,0,35198,3237,1806,101,45,631,20464,17,0,42,0,0,126.5,61.3,23.8,228,25.2,0,0,6.1,0,12,13
"geological","KG","gn",0,2389,0,41048,1190,1392,29,0,555,45825,0,0,104,0,0,250,46,19.5,157,10.1,0,0,0,0,17,0
"geological","KG","gn",0,4391,0,39301,1816,5217,123,96,907,59181,0,15,179,0,0,174,78,21.9,2194,74,0,47,0,0,17,0
"geological","KG","gn",0,0,0,34451,5648,3252,84,44,580,29062,0,0,56,8,0,149,297,27.2,494,39.2,0,0,11,0,0,29
"geological","KG","gn",0,0,0,31606,12497,1408,100,57,420,23022,0,17,73,5.5,0,164,197,28.9,1491,29.3,0,31,0,0,0,30
"geological","KG","gn",0,0,0,31082,12656,1424,109,73,432,22747,0,0,68,5.5,0,160,197,24.2,1515,30.2,0,0,0,0,0,82
"geological","KG","gn",0,0,0,31528,12819,1489,106,64,429,23033,0,0,67,6.5,0,166,195,28.4,1557,29.5,0,0,0,0,0,38
"geological","KG","gn",0,0,0,31468,12745,1456,98,68,424,22976,0,0,71,0,0,166,198,26.3,1483,28.4,0,0,0,0,0,36
"geological","KG","gn",0,0,0,31580,12183,1442,103,63,411,22916,29,0,68,6.9,0,158,195,26.9,1520,30.8,0,0,0,0,0,36
"geological","KG","gn",0,1844,0,41725,0,2230,24,0,423,32247,19,0,96,0,0,207,27.1,31.4,347,23.5,0,31,0,0,26,0
"geological","KG","gn",0,0,0,33352,8994,831,106,98,267,15575,0,0,83,0,0,257,35,44.9,779,30.6,0,0,0,0,33,0
"geological","KG","gn",0,0,0,37730,2587,1866,132,73,457,22953,0,0,64,0,0,136,67.5,33.7,176,24.4,0,0,0,0,9,14
"geological","LD","fgv",0,0,0,31993,72766,8767,164,30,1068,51490,0,0,81,10.2,0,89,1539,26.7,541,132,7.6,0,16,0,0,83
"geological","LD","fgv",0,0,0,36556,36000,9346,166,56,1027,54232,0,0,106,10.6,0,80.8,1103,29.8,588,142,0,0,16,0,0,64
"geological","LD","fgv",0,0,0,34473,34288,9051,162,33,1001,53665,0,0,100,8.8,0,76.3,1150,29.3,602,150,6.5,39,14,0,0,64
"geological","LD","fgv",0,0,0,35424,34840,9330,152,43,1001,54115,0,0,109,8.5,0,78.4,1167,30.6,609,152,8.3,37,15,0,0,59
"geological","LD","fgv",0,0,0,34232,34856,9238,153,54,1013,53142,38,0,99,7.5,0,79,1132,30.5,597,151,5.5,36,16,0,0,72
"geological","LD","fgv",0,0,0,34663,34941,9194,163,51,1016,54399,0,0,102,8.9,0,80.5,1169,32.1,621,147,0,48,18,0,0,73
"geological","LD","fgv",0,0,0,33332,45405,9079,199,42,1471,51034,0,0,79,11.2,0,77.1,1379,24.7,494,128,0,0,14,0,0,71
"geological","LD","fgv",0,0,0,29545,58840,10452,186,29,1209,53298,0,0,68,9.3,0,74.4,1283,23.6,435,111,7.8,0,13,0,0,65
"geological","LD","fgv",0,0,0,21367,490250,5281,268,29,1159,29282,41,45,52,40,7.9,79,6426,0,344,124,47,0,24,0,0,287
"geological","LD","fgv",0,0,0,40836,38397,9340,162,37,1070,52932,28,0,101,0,0,82.5,1127,24.3,582,140,0,44,21,0,0,48
"geological","LD","fgv",0,0,0,24889,54837,9019,141,37,840,39669,0,18,58,15.5,0,65.7,2347,14.5,377,92,13.2,0,13,0,0,119
"geological","LD","fgv",0,0,0,24888,54405,8912,142,40,835,39569,0,0,48,14.1,0,63.6,2358,17.3,373,91,13.9,34,16,0,0,125
"geological","LD","fgv",0,0,0,24740,54308,8919,157,0,811,39546,28,0,47,14.2,0,64.5,2326,13.2,370,92,15.4,44,14,0,0,137
"geological","LD","fgv",0,0,0,24441,53245,8804,139,32,840,40257,23,0,54,15.4,0,69.1,2359,14.7,369,90,12,0,14,0,0,149
"geological","LD","fgv",0,0,0,25189,54857,8988,146,33,858,39354,25,0,55,16.9,0,65.8,2327,15.8,387,93,10.9,38,11,0,0,111
"geological","LD","fgv",0,0,0,35491,49096,9451,162,37,1441,53725,0,0,95,8.3,0,104,1044,24.2,547,121,0,44,8,0,0,33
"geological","LD","fgv",0,0,0,25302,33896,7288,132,0,1152,43045,0,0,96,7,0,55.1,1022,21.8,458,103,0,37,10,0,0,33
"geological","LD","fgv",0,0,0,32753,46696,11383,412,57,1147,53409,0,0,77,7,0,68.7,1431,27.1,485,120,0,0,13,0,0,38
"geological","LD","fgv",0,0,0,24142,74929,10955,164,30,1506,55499,0,0,83,0,0,50.3,1265,26.8,497,122,7.1,61,12,0,0,42
"geological","LD","fgv",0,0,0,36778,37142,8925,181,40,1091,48983,0,0,88,0,0,86,1439,27.3,581,138,0,35,20,0,0,57
"geological","LD","fgv",0,0,0,35705,35712,8600,185,55,1060,49077,0,0,92,7.9,0,90,1391,27.6,553,136,0,31,14,0,0,50
"geological","LD","fgv",0,0,0,35521,35983,8630,176,23,1076,48721,0,0,88,7.2,0,90,1406,23.9,556,132,0,31,15,0,0,60
"geological","LD","fgv",0,0,0,35505,35714,8554,171,43,1071,48858,0,0,95,6.9,0,87,1436,27.3,572,138,7.1,33,15,0,0,51
"geological","LD","fgv",0,0,0,35344,36324,8730,180,25,1069,48855,0,0,88,0,0,90,1418,30.3,576,140,8.2,0,18,0,0,54
"geological","LD","fgv",0,0,1298,32424,47600,12469,184,40,1297,68417,25,0,117,7.3,0,75.7,1350,29.9,576,143,0,39,16,0,0,51
"geological","LD","fgv",0,0,0,31835,92602,8415,153,25,1070,40680,0,0,68,8,0,78,2082,27.5,500,137,14.7,42,16,0,0,61
"geological","LD","fgv",0,0,0,28573,34792,7305,137,27,1081,49498,0,0,100,7.4,0,70.9,951,26.3,526,122,6.7,0,8,0,0,43
"geological","LD","fgv",0,0,0,33269,47724,12369,181,47,1302,63880,27,0,99,6.8,0,79.6,1389,29.3,567,149,7.3,31,16,0,0,68
